Nombre,Email,Gender,Stock
Shae Tortoise,stortoise0@furl.net,Female,Jabil Inc.
Benjy Mackneis,bmackneis1@soup.io,Male,"Brocade Communications Systems, Inc."
Tiff Abarough,tabarough2@sbwire.com,Non-binary,Qwest Corporation
Kingsley Argue,kargue3@parallels.com,Male,John Hancock Pfd Income Fund II
Olivier McCarle,omccarle4@imgur.com,Male,Sempra Energy
Ermin Pharo,epharo5@mysql.com,Male,FB Financial Corporation
Cherida Jacques,cjacques6@google.ca,Female,eBay Inc.
Padraig Monday,pmonday7@admin.ch,Male,Synaptics Incorporated
Ilene Muzzi,imuzzi8@ebay.com,Female,"Cidara Therapeutics, Inc."
Gualterio Nassey,gnassey9@mashable.com,Male,"Cleveland BioLabs, Inc."
Alejandra Surguine,asurguinea@mashable.com,Female,Two Harbors Investments Corp
Anett Fessier,afessierb@de.vu,Female,Vanguard Short-Term Government ETF
Krystle Fitzer,kfitzerc@nymag.com,Female,Kinross Gold Corporation
Charo McAnulty,cmcanultyd@irs.gov,Female,"Aqua America, Inc."
Joshua Trainer,jtrainere@latimes.com,Non-binary,"Republic First Bancorp, Inc."
Tildie Callaghan,tcallaghanf@nytimes.com,Female,Oritani Financial Corp.
Milka Adshead,madsheadg@nature.com,Female,First Trust Large Cap Value AlphaDEX Fund
Leilah Woolbrook,lwoolbrookh@berkeley.edu,Female,Advent Claymore Convertible Securities and Income Fund
Gunilla Kincla,gkinclai@canalblog.com,Female,Nuveen Insured New York Select Tax-Free Income Portfolio
Odille Bursnoll,obursnollj@oakley.com,Female,Guggenheim Strategic Opportunities Fund
Joni Jirak,jjirakk@prnewswire.com,Female,Kilroy Realty Corporation
Virginia Zellick,vzellickl@biglobe.ne.jp,Female,"Watts Water Technologies, Inc."
Den Burril,dburrilm@mac.com,Male,"Rollins, Inc."
Joey Rosingdall,jrosingdalln@comcast.net,Male,Booz Allen Hamilton Holding Corporation
Chantalle Bendson,cbendsono@merriam-webster.com,Female,Nuveen Floating Rate Income Opportuntiy Fund
Greg Chetwin,gchetwinp@reverbnation.com,Male,vTv Therapeutics Inc.
Erick Ghelerdini,eghelerdiniq@jimdo.com,Genderfluid,Constellation Brands Inc
Baldwin Furmonger,bfurmongerr@de.vu,Male,J.M. Smucker Company (The)
Morganne Hillatt,mhillatts@weebly.com,Female,"OptimumBank Holdings, Inc."
Salvidor Yurtsev,syurtsevt@wufoo.com,Male,Albemarle Corporation
Norri Innes,ninnesu@blog.com,Female,"Finjan Holdings, Inc."
Elena Dotson,edotsonv@slashdot.org,Female,First Trust NASDAQ Cybersecurity ETF
Nealy Vickerman,nvickermanw@last.fm,Male,Village Bank and Trust Financial Corp.
Iorgos Duckit,iduckitx@nps.gov,Male,"SkyWest, Inc."
Marvin Blasi,mblasiy@google.fr,Male,Discover Financial Services
Gayler Sotheby,gsothebyz@skyrock.com,Male,National Fuel Gas Company
Talya Casotti,tcasotti10@bigcartel.com,Female,Tonix Pharmaceuticals Holding Corp.
Dillon Sotheby,dsotheby11@soup.io,Male,ProShares Ultra Nasdaq Biotechnology
Thayne Schober,tschober12@alexa.com,Male,Hewlett Packard Enterprise Company
Timmie de Lloyd,tde13@unblog.fr,Genderqueer,Western Asset Mortgage Defined Opportunity Fund Inc
Loella Pedroli,lpedroli14@weebly.com,Female,"Colony NorthStar, Inc."
Levon Gillis,lgillis15@independent.co.uk,Male,Zions Bancorporation
Ignacio Espada,iespada16@tumblr.com,Male,Riverview Bancorp Inc
Tabby Moller,tmoller17@hatena.ne.jp,Female,"j2 Global, Inc."
Yehudi Manby,ymanby18@usatoday.com,Non-binary,"AeroVironment, Inc."
Ardith Randales,arandales19@facebook.com,Genderqueer,Sealed Air Corporation
Di Anan,danan1a@bizjournals.com,Female,Aegon NV
Guntar Macklam,gmacklam1b@accuweather.com,Male,Nuveen High Income December 2019 Target Term Fund
Corri Olijve,colijve1c@bizjournals.com,Female,Government Properties Income Trust
Wandie Sant,wsant1d@exblog.jp,Female,Global Partner Acquisition Corp.
Sheffy Siddeley,ssiddeley1e@i2i.jp,Bigender,M&T Bank Corporation
Neille Conkey,nconkey1f@sfgate.com,Female,Managed Duration Investment Grade Municipal Fund
Rutledge Warton,rwarton1g@deviantart.com,Male,Park Sterling Corporation
Leontyne Abbett,labbett1h@meetup.com,Female,Vanguard Russell 3000 ETF
Layton Mazillius,lmazillius1i@ovh.net,Male,"Newpark Resources, Inc."
Harriot Englefield,henglefield1j@hexun.com,Agender,Select Medical Holdings Corporation
Ozzy Warrior,owarrior1k@businesswire.com,Male,FIRST REPUBLIC BANK
Vanya Meaden,vmeaden1l@posterous.com,Male,"Anthem, Inc."
Crissie Edinburgh,cedinburgh1m@weather.com,Female,SVB Financial Group
Viki Aleksandrev,valeksandrev1n@europa.eu,Female,"Barracuda Networks, Inc."
Nick Arnauduc,narnauduc1o@delicious.com,Male,CONMED Corporation
Chaddie Aldersey,caldersey1p@facebook.com,Male,"Pain Therapeutics, Inc."
Caria Thomsson,cthomsson1q@prweb.com,Female,NorthStar Realty Europe Corp.
Templeton Portlock,tportlock1r@hubpages.com,Male,ReWalk Robotics Ltd
Trey Van de Castele,tvan1s@redcross.org,Male,Icahn Enterprises L.P.
Layla Beckham,lbeckham1t@omniture.com,Female,VictoryShares US Large Cap High Div Volatility Wtd ETF
Melly Ulster,mulster1u@instagram.com,Female,Atrion Corporation
Abeu Veal,aveal1v@youtube.com,Bigender,"Moleculin Biotech, Inc."
Vallie Leger,vleger1w@amazon.co.jp,Genderfluid,Ferro Corporation
Merrilee Cornejo,mcornejo1x@tamu.edu,Female,"Biolase, Inc."
Fraser O'Mullally,fomullally1y@va.gov,Male,Teekay Corporation
Caritta Brodbin,cbrodbin1z@liveinternet.ru,Female,"Asta Funding, Inc."
Karisa Hollerin,khollerin20@wufoo.com,Female,Ashford Hospitality Trust Inc
Damian Camerello,dcamerello21@istockphoto.com,Male,Vanguard Global ex-U.S. Real Estate ETF
Simeon Neljes,sneljes22@desdev.cn,Male,Chesapeake Energy Corporation
Modestine Girkins,mgirkins23@deliciousdays.com,Female,Hunter Maritime Acquisition Corp.
Adriane Dorrity,adorrity24@delicious.com,Female,Deere & Company
Gualterio Brockway,gbrockway25@freewebs.com,Male,IRIDEX Corporation
Shaun Hatchell,shatchell26@typepad.com,Male,Elbit Imaging Ltd.
Wolfgang Petrelli,wpetrelli27@nymag.com,Male,Matador Resources Company
Anastassia Boeck,aboeck28@csmonitor.com,Female,Alamos Gold Inc.
Maggee Goldberg,mgoldberg29@ted.com,Female,"Isramco, Inc."
Charlean Lambal,clambal2a@bandcamp.com,Genderfluid,Select Asset Inc.
Devonna Rottger,drottger2b@360.cn,Female,Masonite International Corporation
Lola Heyns,lheyns2c@twitpic.com,Female,Navios Maritime Holdings Inc.
Alexandr Treswell,atreswell2d@google.ca,Male,"MRV Communications, Inc."
Klarrisa Lindborg,klindborg2e@spotify.com,Female,Alcentra Capital Corp.
Bentlee Hanniger,bhanniger2f@craigslist.org,Male,"The Herzfeld Caribbean Basin Fund, Inc."
Raye O'Hollegan,rohollegan2g@google.it,Female,Agnico Eagle Mines Limited
Akim Searle,asearle2h@craigslist.org,Male,"Leidos Holdings, Inc."
Barbara-anne Sexstone,bsexstone2i@so-net.ne.jp,Female,"Aptose Biosciences, Inc."
Brennen McMains,bmcmains2j@example.com,Male,"Mid-America Apartment Communities, Inc."
Tammie Midford,tmidford2k@salon.com,Male,"MINDBODY, Inc."
Edgard Nudde,enudde2l@edublogs.org,Male,Terreno Realty Corporation
Suzann Bassil,sbassil2m@hexun.com,Female,"Texas Capital Bancshares, Inc."
Ula Bardwell,ubardwell2n@sun.com,Female,"Prudential Short Duration High Yield Fund, Inc."
Shannon Buggs,sbuggs2o@blogtalkradio.com,Male,"Axcelis Technologies, Inc."
Claudius Dyett,cdyett2p@over-blog.com,Male,Biohaven Pharmaceutical Holding Company Ltd.
Manfred Chesterman,mchesterman2q@g.co,Male,"RPC, Inc."
Ravid Delhanty,rdelhanty2r@lycos.com,Male,Orthofix International N.V.
Laurie Charte,lcharte2s@cdbaby.com,Male,"HRG Group, Inc."
Latisha Stronough,lstronough2t@jiathis.com,Female,"PRA Health Sciences, Inc."
Wernher Hastilow,whastilow2u@imgur.com,Male,"Star Gas Partners, L.P."
Davidde Cureton,dcureton2v@nba.com,Male,Brookfield Infrastructure Partners LP
Concettina Starford,cstarford2w@comcast.net,Female,QAD Inc.
Pren Harflete,pharflete2x@independent.co.uk,Male,"Keane Group, Inc."
Marchall Galero,mgalero2y@flavors.me,Male,Quest Diagnostics Incorporated
Modestia Borrill,mborrill2z@ucla.edu,Female,R.R. Donnelley & Sons Company
Nikola Gammidge,ngammidge30@mysql.com,Male,"Lakeland Industries, Inc."
Jefferson Anscombe,janscombe31@netlog.com,Male,"Ubiquiti Networks, Inc."
Billie Hasely,bhasely32@fc2.com,Female,"QCR Holdings, Inc."
Patty Davenhill,pdavenhill33@odnoklassniki.ru,Female,BlackRock Resources
Davon Dell,ddell34@google.es,Male,Standex International Corporation
Neil Lamblot,nlamblot35@themeforest.net,Male,DBV Technologies S.A.
Terri Laxston,tlaxston36@businesswire.com,Male,"Brocade Communications Systems, Inc."
Kara Saket,ksaket37@businessweek.com,Female,FelCor Lodging Trust Incorporated
Sigfried Eyree,seyree38@sitemeter.com,Polygender,Public Storage
Dionis Robertet,drobertet39@wufoo.com,Female,China Auto Logistics Inc.
Tarra Rulten,trulten3a@twitter.com,Agender,Morgan Stanley China A Share Fund Inc.
Veronike Jamison,vjamison3b@slideshare.net,Female,"Cutera, Inc."
Tanya Bullough,tbullough3c@loc.gov,Female,Aralez Pharmaceuticals Inc.
Nadia Fateley,nfateley3d@ca.gov,Female,"Minerva Neurosciences, Inc"
Florrie Bacher,fbacher3e@blogtalkradio.com,Female,"Payment Data Systems, Inc."
Tyrus Miquelet,tmiquelet3f@state.gov,Male,TechnipFMC plc
Lyn Hillaby,lhillaby3g@netlog.com,Male,"Great Elm Capital Group, Inc. "
Tracey Bozworth,tbozworth3h@google.co.jp,Female,Cousins Properties Incorporated
Bryon Yon,byon3i@unc.edu,Male,Vanguard International High Dividend Yield ETF
Lynett Limb,llimb3j@sakura.ne.jp,Female,SLM Corporation
Arnold Crichmere,acrichmere3k@linkedin.com,Genderfluid,"PS Business Parks, Inc."
Charisse Meatcher,cmeatcher3l@networksolutions.com,Genderfluid,"Urban One, Inc. "
Ange Dupoy,adupoy3m@intel.com,Male,Kinross Gold Corporation
Vilhelmina Alforde,valforde3n@pen.io,Female,MainStay DefinedTerm Municipal Opportunities Fund
Noel Piscotti,npiscotti3o@accuweather.com,Female,"TeleTech Holdings, Inc."
Dara Vorley,dvorley3p@pcworld.com,Female,Ashford Hospitality Trust Inc
Stephanie Petrasso,spetrasso3q@joomla.org,Female,"Intercept Pharmaceuticals, Inc."
Gradeigh Scarth,gscarth3r@ow.ly,Male,Telecom Italia S.P.A.
Ryun Buxcey,rbuxcey3s@blogspot.com,Male,"Everbridge, Inc."
Lindy Ditchfield,lditchfield3t@parallels.com,Male,Gencor Industries Inc.
Claybourne Gauthorpp,cgauthorpp3u@hibu.com,Male,"Era Group, Inc."
Ezri Twelftree,etwelftree3v@cafepress.com,Male,"Simulations Plus, Inc."
Burl Franklen,bfranklen3w@latimes.com,Male,Capital One Financial Corporation
Khalil Gallahue,kgallahue3x@marriott.com,Male,"Edgewater Technology, Inc."
Paolina Font,pfont3y@phoca.cz,Female,Horizon Global Corporation
Obidiah Arnoll,oarnoll3z@jugem.jp,Male,"e.l.f. Beauty, Inc."
Gabby Unworth,gunworth40@blogger.com,Male,"Goldman Sachs Group, Inc. (The)"
Nicoline Caberas,ncaberas41@edublogs.org,Female,ICON plc
Charo Fettiplace,cfettiplace42@sakura.ne.jp,Female,"PowerShares QQQ Trust, Series 1"
Sib Readwood,sreadwood43@rambler.ru,Female,John Hancock Pfd Income Fund II
Clarke Leedes,cleedes44@odnoklassniki.ru,Male,"Automatic Data Processing, Inc."
Jaquenette Belderfield,jbelderfield45@hexun.com,Female,"Accelerate Diagnostics, Inc."
Viviyan Blair,vblair46@cisco.com,Female,Taitron Components Incorporated
Huntlee Lincey,hlincey47@pinterest.com,Male,"National American University Holdings, Inc."
Randell Couser,rcouser48@si.edu,Male,"Protagonist Therapeutics, Inc."
Read Davidov,rdavidov49@nytimes.com,Genderfluid,"Landstar System, Inc."
Leeann Gaythwaite,lgaythwaite4a@cargocollective.com,Female,Cinedigm Corp
Tedmund Kerrich,tkerrich4b@discovery.com,Male,Comtech Telecommunications Corp.
Mordecai Behagg,mbehagg4c@rediff.com,Male,Opus Bank
Charlotta Brotherwood,cbrotherwood4d@cbc.ca,Female,ORBCOMM Inc.
Hubey Bonanno,hbonanno4e@php.net,Male,"Hyster-Yale Materials Handling, Inc."
Kamila Sleep,ksleep4f@europa.eu,Female,FMC Corporation
Clint Eusden,ceusden4g@livejournal.com,Male,"Rentech, Inc."
Tammie Lehemann,tlehemann4h@freewebs.com,Male,"Maui Land & Pineapple Company, Inc."
Malva Raddish,mraddish4i@wunderground.com,Female,A.H. Belo Corporation
Anatole Edmonston,aedmonston4j@census.gov,Male,Infinity Property and Casualty Corporation
Moise Beamand,mbeamand4k@chicagotribune.com,Male,Neovasc Inc.
Sharyl Bullen,sbullen4l@mapy.cz,Female,"Chuy's Holdings, Inc."
Cristal Kezor,ckezor4m@skyrock.com,Female,"Novavax, Inc."
Myrta Fawcett,mfawcett4n@sourceforge.net,Female,"America First Multifamily Investors, L.P."
Marlyn Trewhitt,mtrewhitt4o@mapy.cz,Genderqueer,IBERIABANK Corporation
Krispin Gjerde,kgjerde4p@tamu.edu,Male,Vanguard Total International Bond ETF
Clemence Hearle,chearle4q@mapy.cz,Female,"Net 1 UEPS Technologies, Inc."
Aurelea Gale,agale4r@yelp.com,Female,IHS Markit Ltd.
Finley Samways,fsamways4s@usa.gov,Male,ClearBridge All Cap Growth ETF
Ursulina Izchaki,uizchaki4t@hostgator.com,Female,"Zoe's Kitchen, Inc."
Ahmad Kirby,akirby4u@aol.com,Male,GasLog LP.
Bernhard Braden,bbraden4v@arizona.edu,Male,"American Axle & Manufacturing Holdings, Inc."
Ingmar Ashbolt,iashbolt4w@psu.edu,Male,UBS AG
Ally Clue,aclue4x@meetup.com,Female,"Blackrock MuniYield Fund, Inc."
Abe Simanek,asimanek4y@wsj.com,Male,"Lee Enterprises, Incorporated"
Babette Lea,blea4z@amazon.com,Female,Principal Price Setters Index ETF
Susana Rapkins,srapkins50@ed.gov,Female,"ViewRay, Inc."
Jacintha O'Keevan,jokeevan51@geocities.jp,Female,"Pain Therapeutics, Inc."
Tristam Punton,tpunton52@archive.org,Male,Platform Specialty Products Corporation
Josiah Yesichev,jyesichev53@ucoz.com,Male,"DSP Group, Inc."
Hilliard Kane,hkane54@ibm.com,Male,Vical Incorporated
Gerta Sommers,gsommers55@themeforest.net,Female,E.I. du Pont de Nemours and Company
Aubrette Barkus,abarkus56@wikia.com,Female,Opus Bank
Marv Klemt,mklemt57@dedecms.com,Male,Arbor Realty Trust
Reginauld Skate,rskate58@over-blog.com,Male,"P & F Industries, Inc."
Gwen Szanto,gszanto59@state.gov,Female,LivaNova PLC
Claudelle Robbert,crobbert5a@cnbc.com,Female,"Hawthorn Bancshares, Inc."
Temp McConnell,tmcconnell5b@npr.org,Male,"Saia, Inc."
Elvin Leven,eleven5c@washington.edu,Male,"Ritter Pharmaceuticals, Inc."
Mic Roof,mroof5d@yandex.ru,Male,HSBC Holdings plc
Freddi Bachura,fbachura5e@symantec.com,Genderqueer,Putnam Municipal Opportunities Trust
Humbert Cardus,hcardus5f@clickbank.net,Male,Edwards Lifesciences Corporation
Codee Stansby,cstansby5g@zdnet.com,Female,Flushing Financial Corporation
Kathleen Fulun,kfulun5h@msn.com,Female,Regis Corporation
Sherill Abrahamoff,sabrahamoff5i@e-recht24.de,Female,The York Water Company
Prescott Harkness,pharkness5j@sogou.com,Male,KB Home
Tymon Greveson,tgreveson5k@yellowpages.com,Male,BlackRock California Municipal Income Trust
Sig Fanti,sfanti5l@abc.net.au,Male,"Dycom Industries, Inc."
Belicia Risby,brisby5m@icq.com,Female,Sanofi
Valentijn Brecknell,vbrecknell5n@wordpress.org,Male,International Paper Company
Daniella Ragge,dragge5o@com.com,Female,"Spartan Motors, Inc."
Zacharias Michiel,zmichiel5p@omniture.com,Male,Synaptics Incorporated
Hadleigh Barrasse,hbarrasse5q@wix.com,Male,Express Scripts Holding Company
Kaleb Peel,kpeel5r@archive.org,Polygender,Ares Capital Corporation
Web Jovanovic,wjovanovic5s@cbslocal.com,Male,Regulus Therapeutics Inc.
Jemie Malenoir,jmalenoir5t@un.org,Female,Invesco Pennsylvania Value Municipal Income Trust
Morgen De Fries,mde5u@google.ru,Female,Eaton Vance Tax-Managed Diversified Equity Income Fund
Goran Bearne,gbearne5v@samsung.com,Male,Forward Air Corporation
Arda Mapplebeck,amapplebeck5w@i2i.jp,Female,"National Western Life Group, Inc."
Nadya Lushey,nlushey5x@cdbaby.com,Female,LSI Industries Inc.
Del Bruno,dbruno5y@blogtalkradio.com,Male,Control4 Corporation
Dierdre Troke,dtroke5z@nba.com,Female,Emerson Electric Company
Doralynne Bartel,dbartel60@samsung.com,Female,Wendy's Company (The)
Jessica Schuh,jschuh61@vistaprint.com,Female,"Tandem Diabetes Care, Inc."
Camile Heater,cheater62@go.com,Female,"PT Telekomunikasi Indonesia, Tbk"
Andonis Perrelle,aperrelle63@samsung.com,Male,"Alexion Pharmaceuticals, Inc."
Abramo Blackaller,ablackaller64@google.es,Male,"Thermon Group Holdings, Inc."
Jenny Nineham,jnineham65@chronoengine.com,Female,Allstate Corporation (The)
Bram Esterbrook,besterbrook66@ucoz.ru,Male,"Landcadia Holdings, Inc."
Sigismond Pow,spow67@addthis.com,Male,Comerica Incorporated
Richardo Gonnelly,rgonnelly68@e-recht24.de,Male,"Ooma, Inc."
Pail Spino,pspino69@narod.ru,Male,Anadarko Petroleum Corporation
Christie Meeus,cmeeus6a@discuz.net,Female,Horizon Pharma plc
Darci Snap,dsnap6b@sciencedaily.com,Female,Jewett-Cameron Trading Company
Jolyn Twallin,jtwallin6c@apple.com,Female,Regions Financial Corporation
Garrek Aimson,gaimson6d@wordpress.com,Male,"Myriad Genetics, Inc."
Stanford Cran,scran6e@hatena.ne.jp,Male,"PRA Health Sciences, Inc."
Ginnie Dulanty,gdulanty6f@admin.ch,Female,North European Oil Royality Trust
Muriel Crisell,mcrisell6g@cargocollective.com,Female,ImmuCell Corporation
Corabella Ellings,cellings6h@oakley.com,Female,"Lakeland Bancorp, Inc."
Austin Edensor,aedensor6i@theglobeandmail.com,Non-binary,"Team, Inc."
Hi Dalley,hdalley6j@technorati.com,Male,Endeavour Silver Corporation
Valentia Swanton,vswanton6k@quantcast.com,Female,"Avon Products, Inc."
Eugene Ellicott,eellicott6l@utexas.edu,Male,Layne Christensen Company
Colin Kundt,ckundt6m@de.vu,Non-binary,"A. Schulman, Inc."
Torey Hyndson,thyndson6n@pbs.org,Female,Hooker Furniture Corporation
See Iaduccelli,siaduccelli6o@ucsd.edu,Genderfluid,"ILG, Inc"
Lindie Tissell,ltissell6p@techcrunch.com,Female,Charter Financial Corp.
Wolfie Lidgertwood,wlidgertwood6q@51.la,Genderfluid,"CACI International, Inc."
Verney Gratrex,vgratrex6r@mashable.com,Male,First Trust NASDAQ-100- Technology Index Fund
Charis Lathom,clathom6s@oracle.com,Female,"B&G Foods, Inc."
Charmane Shakelady,cshakelady6t@wikipedia.org,Female,Pinnacle West Capital Corporation
Belicia Drinkhall,bdrinkhall6u@microsoft.com,Female,El Paso Electric Company
Lynsey Guage,lguage6v@ebay.co.uk,Female,"Altimmune, Inc."
Gae Bewly,gbewly6w@4shared.com,Female,"Simon Property Group, Inc."
Raimund Pirson,rpirson6x@businessweek.com,Male,"Real Industry, Inc. "
Olivia Senten,osenten6y@photobucket.com,Female,Terreno Realty Corporation
Vevay Seabright,vseabright6z@oaic.gov.au,Female,Nuveen Virginia Quality Municipal Income Fund
Wally Matussevich,wmatussevich70@dailymotion.com,Female,Tortoise Energy Infrastructure Corporation
Sib Peto,speto71@friendfeed.com,Female,Chemours Company (The)
Christoph Ciobotaru,cciobotaru72@edublogs.org,Male,Carnival Corporation
Lauritz Crotty,lcrotty73@1und1.de,Male,Lam Research Corporation
Merrielle Padula,mpadula74@zdnet.com,Female,Altisource Residential Corporation
Madge Scrivner,mscrivner75@drupal.org,Female,Dividend and Income Fund
Christyna Bancroft,cbancroft76@godaddy.com,Female,Seneca Foods Corp.
Jeniece Buglass,jbuglass77@theglobeandmail.com,Female,iShares Fallen Angels USD Bond ETF
Shepherd Ricardon,sricardon78@cnbc.com,Male,"Safeguard Scientifics, Inc."
Clareta Shearmur,cshearmur79@sphinn.com,Female,"Acadia Healthcare Company, Inc."
Emlen Deinert,edeinert7a@vkontakte.ru,Male,Scorpio Tankers Inc.
Ulberto Frangleton,ufrangleton7b@google.cn,Male,"Professional Diversity Network, Inc."
Florinda Calladine,fcalladine7c@home.pl,Female,First Trust
Thibaud Dannehl,tdannehl7d@bloomberg.com,Male,"Capitol Federal Financial, Inc."
Binni Sturdy,bsturdy7e@ftc.gov,Female,Physicians Realty Trust
Magnum Cain,mcain7f@goodreads.com,Male,"Ever-Glory International Group, Inc."
Valentine Tomashov,vtomashov7g@trellian.com,Female,Amedisys Inc
Ruthe Tolley,rtolley7h@msn.com,Female,Bioblast Pharma Ltd.
Euphemia Muddle,emuddle7i@bing.com,Female,The Priceline Group Inc. 
Gussie O'Hone,gohone7j@lulu.com,Female,"Guidance Software, Inc."
Abbie Bradnum,abradnum7k@icq.com,Male,Terex Corporation
Paulette Boriston,pboriston7l@prlog.org,Female,"KemPharm, Inc."
Standford Fallowfield,sfallowfield7m@washington.edu,Male,Actua Corporation
Miguel Aukland,maukland7n@bloglines.com,Male,"ANI Pharmaceuticals, Inc."
Josepha Skrzynski,jskrzynski7o@webs.com,Female,"Coach, Inc."
Abbey Doag,adoag7p@pbs.org,Male,"Global Ship Lease, Inc."
Othella Mazzey,omazzey7q@imageshack.us,Agender,"FairPoint Communications, Inc."
Deonne Acres,dacres7r@nature.com,Female,MFS Intermediate Income Trust
Valery Jakoub,vjakoub7s@princeton.edu,Female,Career Education Corporation
Herb Thurlow,hthurlow7t@free.fr,Male,Veeco Instruments Inc.
Tilly Cisec,tcisec7u@wired.com,Female,Immersion Corporation
Hanson Arden,harden7v@noaa.gov,Male,Nuveen Senior Income Fund
Patsy Beyn,pbeyn7w@ihg.com,Female,Global X Longevity Thematic ETF
Eyde Skrines,eskrines7x@163.com,Female,"Apollo Endosurgery, Inc."
Lavinie Ashmore,lashmore7y@sciencedaily.com,Female,Zion Oil & Gas Inc
Hallsy Flanders,hflanders7z@geocities.com,Male,"Safe Bulkers, Inc"
Brandi Jarrett,bjarrett80@apache.org,Female,Dana Incorporated
Kelby Dwight,kdwight81@economist.com,Male,Chimera Investment Corporation
Jarrett Fairburne,jfairburne82@shutterfly.com,Male,"Prudential Global Short Duration High Yield Fund, Inc."
Silvana Hulle,shulle83@newsvine.com,Female,Federal Realty Investment Trust
Salome Breckwell,sbreckwell84@paginegialle.it,Female,CombiMatrix Corporation
Calla Wiseman,cwiseman85@so-net.ne.jp,Female,"Everspin Technologies, Inc."
Antonio Stowe,astowe86@nymag.com,Male,"Span-America Medical Systems, Inc."
Florance Carrack,fcarrack87@shareasale.com,Female,"BMC Stock Holdings, Inc."
Jackqueline Boseley,jboseley88@so-net.ne.jp,Female,Silver Run Acquisition Corporation II
Mattias Bertot,mbertot89@house.gov,Male,"Easterly Government Properties, Inc."
Ferdinanda Osmant,fosmant8a@hhs.gov,Genderfluid,"Dupont Fabros Technology, Inc."
Fayre Campana,fcampana8b@prnewswire.com,Female,Pebblebrook Hotel Trust
Cammy Gerdts,cgerdts8c@usatoday.com,Agender,Brookfield Business Partners L.P.
Harley Kingh,hkingh8d@sciencedaily.com,Male,"National Western Life Group, Inc."
Chaddie Sachno,csachno8e@google.fr,Male,Lindsay Corporation
Ardine Castanos,acastanos8f@multiply.com,Female,KLX Inc.
Beatriz Whereat,bwhereat8g@vk.com,Non-binary,Koss Corporation
Brewer Sketcher,bsketcher8h@nydailynews.com,Male,DTE Energy Company
Dolf Leftley,dleftley8i@eepurl.com,Non-binary,Abercrombie & Fitch Company
Tymothy Skelly,tskelly8j@liveinternet.ru,Male,National General Holdings Corp
Lorilee Yurukhin,lyurukhin8k@umn.edu,Female,TransUnion
Elbertina Ternent,eternent8l@soup.io,Female,"ScanSource, Inc."
Melva Snipe,msnipe8m@sina.com.cn,Female,PowerShares S&P SmallCap Consumer Discretionary Portfolio
Erskine Bollis,ebollis8n@omniture.com,Genderqueer,"Tanger Factory Outlet Centers, Inc."
Stephenie Hayhoe,shayhoe8o@discuz.net,Female,Voya Natural Resources Equity Income Fund
Cyrille Callaway,ccallaway8p@netlog.com,Male,Heico Corporation
Robb Cogley,rcogley8q@com.com,Male,Assured Guaranty Ltd.
Kaycee Yakobovicz,kyakobovicz8r@miibeian.gov.cn,Female,The AES Corporation
Avivah Jent,ajent8s@symantec.com,Female,First Trust High Income ETF
Kristoffer Klebes,kklebes8t@wix.com,Male,Kosmos Energy Ltd.
Armin Serman,aserman8u@amazonaws.com,Male,Public Storage
Margi Askwith,maskwith8v@bizjournals.com,Female,Hospitality Properties Trust
Eddy Millican,emillican8w@comsenz.com,Male,"Provident Bancorp, Inc."
Benjamen Freddi,bfreddi8x@discuz.net,Male,Applied DNA Sciences Inc
Gerrie Scahill,gscahill8y@economist.com,Male,"Five Below, Inc."
Elvina Cristobal,ecristobal8z@so-net.ne.jp,Female,"County Bancorp, Inc."
Ellen Broske,ebroske90@umich.edu,Polygender,"AmTrust Financial Services, Inc."
Charlot Carriage,ccarriage91@istockphoto.com,Female,"Box, Inc."
Kristofer Pethick,kpethick92@cnbc.com,Male,MSG Networks Inc.
Bing Sherbourne,bsherbourne93@usnews.com,Male,Forward Air Corporation
Dusty Akett,dakett94@deliciousdays.com,Female,"TrueCar, Inc."
Paloma Conlaund,pconlaund95@apple.com,Female,Mitsubishi UFJ Financial Group Inc
Adey Beentjes,abeentjes96@nyu.edu,Female,The Joint Corp.
Jeromy Pauli,jpauli97@spotify.com,Male,"Pure Storage, Inc. "
Ring Thay,rthay98@furl.net,Male,Manchester United Ltd.
Christiano Twiddy,ctwiddy99@barnesandnoble.com,Male,"T. Rowe Price Group, Inc."
Rainer Gonsalvez,rgonsalvez9a@weibo.com,Male,Kadant Inc
Renaldo Schachter,rschachter9b@edublogs.org,Male,PowerShares 1-30 Laddered Treasury Portfolio
Lian Kittredge,lkittredge9c@engadget.com,Female,W.R. Berkley Corporation
Ebeneser Lesley,elesley9d@360.cn,Male,Arrow DWA Tactical ETF
Augustine Ferreras,aferreras9e@hc360.com,Male,MSCI Inc
Zane Maudsley,zmaudsley9f@eepurl.com,Non-binary,PAVmed Inc.
Nariko Norton,nnorton9g@umich.edu,Female,Ascendis Pharma A/S
Courtnay Eyes,ceyes9h@state.tx.us,Non-binary,"Bioptix, Inc"
Marian Runcie,mruncie9i@walmart.com,Polygender,W.R. Grace & Co.
Trula Sellors,tsellors9j@dell.com,Female,Independent Bank Corporation
Shoshana Tindley,stindley9k@behance.net,Agender,First Trust Municipal CEF Income Opportunity ETF
Jereme Wessel,jwessel9l@rakuten.co.jp,Male,BLDRS Europe 100 ADR Index Fund
Ferrell Sedgemond,fsedgemond9m@delicious.com,Male,"Blackbaud, Inc."
Weston Budgeon,wbudgeon9n@dyndns.org,Male,"GTY Technology Holdings, Inc."
Florrie Laidel,flaidel9o@webs.com,Female,"MGP Ingredients, Inc."
Auguste Pepperd,apepperd9p@wordpress.com,Female,CubeSmart
Thane Lethem,tlethem9q@quantcast.com,Male,"Tabula Rasa HealthCare, Inc."
Dorri Ibbetson,dibbetson9r@multiply.com,Genderqueer,Macatawa Bank Corporation
Skyler Dust,sdust9s@yahoo.com,Agender,Sanofi
Milton Caldow,mcaldow9t@tinypic.com,Polygender,First Trust High Income ETF
Jess Evennett,jevennett9u@foxnews.com,Male,Peapack-Gladstone Financial Corporation
Silvain Dooney,sdooney9v@devhub.com,Male,"G1 Therapeutics, Inc."
Rutter Casserly,rcasserly9w@rediff.com,Male,"Perma-Fix Environmental Services, Inc."
Rochette Sains,rsains9x@meetup.com,Female,"PS Business Parks, Inc."
Lilly Yateman,lyateman9y@wisc.edu,Female,"Tyson Foods, Inc."
Keefer Bampfield,kbampfield9z@wikimedia.org,Male,Bioverativ Inc.
Genni Attkins,gattkinsa0@sciencedirect.com,Female,Park Hotels & Resorts Inc.
Rachael Ansteys,ransteysa1@storify.com,Female,Ship Finance International Limited
Carolynn Atwel,catwela2@dagondesign.com,Female,VelocityShares Daily Inverse VIX Short-Term ETN
Harmony Chantler,hchantlera3@dmoz.org,Female,Vornado Realty Trust
Humberto Fipp,hfippa4@usatoday.com,Male,Masimo Corporation
Derick Goodsell,dgoodsella5@furl.net,Polygender,VictoryShares Developed Enhanced Volatility Wtd ETF
Lothario Kenewel,lkenewela6@jiathis.com,Male,Westrock Company
Amalita Espinho,aespinhoa7@printfriendly.com,Female,West Corporation
Annmarie Scutcheon,ascutcheona8@comsenz.com,Female,NASDAQ TEST STOCK
Lenci D'Aulby,ldaulbya9@de.vu,Male,"Model N, Inc."
Krystle Boulde,kbouldeaa@quantcast.com,Female,"PrivateBancorp, Inc."
Goldi Pleasants,gpleasantsab@japanpost.jp,Female,Applied Genetic Technologies Corporation
Allyce Bathowe,abathoweac@aboutads.info,Female,"Piedmont Office Realty Trust, Inc."
Lilla Ledekker,lledekkerad@army.mil,Polygender,First Trust Cloud Computing ETF
Elias Theodore,etheodoreae@godaddy.com,Male,WSFS Financial Corporation
Kathie Cardello,kcardelloaf@mit.edu,Female,Barings Participation Investors
Tobe Leftridge,tleftridgeag@apple.com,Female,Advent/Claymore Enhanced Growth & Income Fund
Mufinella Peet,mpeetah@walmart.com,Female,"Plains All American Pipeline, L.P."
Yelena Cattell,ycattellai@yellowpages.com,Female,"SunCoke Energy, Inc."
Dyan Blackledge,dblackledgeaj@fc2.com,Female,Allstate Corporation (The)
Katherina Castard,kcastardak@last.fm,Female,Cherry Hill Mortgage Investment Corporation
Gualterio Hourston,ghourstonal@fc2.com,Male,"Biocept, Inc."
Lauren Duckers,lduckersam@washington.edu,Female,Cellect Biotechnology Ltd.
Miran Staterfield,mstaterfieldan@economist.com,Non-binary,"Parsley Energy, Inc."
Lauri Ballinger,lballingerao@sakura.ne.jp,Female,"United Bancshares, Inc."
Welby Lodovichi,wlodovichiap@comsenz.com,Male,"Alnylam Pharmaceuticals, Inc."
Bondon Quartley,bquartleyaq@cbsnews.com,Male,"Xenia Hotels & Resorts, Inc."
Kingsley Gepson,kgepsonar@google.co.jp,Male,"ONE Gas, Inc."
Leo Hosby,lhosbyas@cpanel.net,Male,"ARC Group Worldwide, Inc."
Pauly Flood,pfloodat@miibeian.gov.cn,Female,Alphabet Inc.
Martie Drakers,mdrakersau@mapy.cz,Female,Alliance California Municipal Income Fund Inc
Agnes Kleinstern,akleinsternav@mayoclinic.com,Female,Capstead Mortgage Corporation
Richard Sebrook,rsebrookaw@skyrock.com,Male,Vanguard Russell 1000 ETF
Reggie Desport,rdesportax@symantec.com,Female,Till Capital Ltd.
Staford Pithcock,spithcockay@paypal.com,Male,Voya Emerging Markets High Income Dividend Equity Fund
Evin Leadley,eleadleyaz@ucoz.com,Male,"Nustar GP Holdings, LLC"
Lucio Counter,lcounterb0@ucoz.com,Male,Pimco High Income Fund
Giustino Layhe,glayheb1@upenn.edu,Male,"SharpSpring, Inc."
Curcio Spirit,cspiritb2@abc.net.au,Male,"Town Sports International Holdings, Inc."
Padraig Osgorby,posgorbyb3@fastcompany.com,Male,Danaos Corporation
Jan Rosenblum,jrosenblumb4@bing.com,Female,Inpixon 
Francisco Bridal,fbridalb5@wsj.com,Male,Universal Display Corporation
Finlay Eves,fevesb6@taobao.com,Male,"Interpace Diagnostics Group, Inc."
Ange Frowd,afrowdb7@discovery.com,Male,National General Holdings Corp
Bondon Hoble,bhobleb8@aboutads.info,Male,Trinseo S.A.
Gothart Conrart,gconrartb9@reuters.com,Male,FIRST REPUBLIC BANK
Gar Cahani,gcahaniba@51.la,Male,Cathay General Bancorp
Alena Flewan,aflewanbb@wp.com,Female,"Apptio, Inc."
Amelia Antoniazzi,aantoniazzibc@dot.gov,Female,"PulteGroup, Inc."
Clemmy Rudinger,crudingerbd@weather.com,Female,PIMCO Income Strategy Fund
Evaleen Grzesiak,egrzesiakbe@netscape.com,Female,First Internet Bancorp
Tony Camps,tcampsbf@army.mil,Male,Kemper Corporation
Raphael Dyball,rdyballbg@ca.gov,Polygender,Nuveen Tax-Advantaged Dividend Growth Fund
Ellsworth Josephy,ejosephybh@tmall.com,Male,"Ocera Therapeutics, Inc."
Iolanthe Bice,ibicebi@dropbox.com,Female,U.S. Bancorp
Laraine Meriot,lmeriotbj@howstuffworks.com,Female,The AES Corporation
Son Gyngyll,sgyngyllbk@feedburner.com,Male,"Preferred Apartment Communities, Inc."
Vincenty Logue,vloguebl@senate.gov,Male,Western Asset Mortgage Defined Opportunity Fund Inc
Skippie Rallings,srallingsbm@who.int,Male,"M I Acquisitions, Inc."
Athena Bollom,abollombn@w3.org,Female,WebMD Health Corp
Jany Maginot,jmaginotbo@house.gov,Female,KKR Financial Holdings LLC
Sampson Petracci,spetraccibp@google.com,Male,"LG Display Co., Ltd."
Lizzie Minigo,lminigobq@godaddy.com,Female,Electrum Special Acquisition Corporation
Hodge Walls,hwallsbr@cbslocal.com,Male,Eaton Vance Tax-Managed Diversified Equity Income Fund
Cari Metschke,cmetschkebs@weather.com,Female,Xperi Corporation
Sybilla Diprose,sdiprosebt@boston.com,Female,Arbor Realty Trust
Glenden Aimable,gaimablebu@a8.net,Male,Eaton Vance Enhance Equity Income Fund
Tobi Tinmouth,ttinmouthbv@ihg.com,Female,Willis Lease Finance Corporation
Maurice Biasioli,mbiasiolibw@upenn.edu,Male,Nuveen Mortgage Opportunity Term Fund
Gay Maudlin,gmaudlinbx@tinyurl.com,Agender,General Finance Corporation
Peyter Bell,pbellby@symantec.com,Male,Silvercrest Asset Management Group Inc.
Anstice Stollberger,astollbergerbz@people.com.cn,Female,"Famous Dave's of America, Inc."
Robb Kirsop,rkirsopc0@ocn.ne.jp,Male,"On Deck Capital, Inc."
Barron Stanesby,bstanesbyc1@webmd.com,Male,"Pandora Media, Inc."
Courtney Abramowitch,cabramowitchc2@livejournal.com,Male,"Archrock Partners, L.P."
Danila Lansdowne,dlansdownec3@gov.uk,Female,CAE Inc
Winn Gamblin,wgamblinc4@gravatar.com,Male,"Global Ship Lease, Inc."
Chet Fessby,cfessbyc5@google.pl,Male,Equitable Financial Corp.
Jeramey Larive,jlarivec6@github.com,Male,Cross Timbers Royalty Trust
Isidora Chrishop,ichrishopc7@ucsd.edu,Female,Capital One Financial Corporation
Shanon Serjent,sserjentc8@barnesandnoble.com,Female,Bank of America Corporation
Courtenay Elph,celphc9@adobe.com,Female,"Lithia Motors, Inc."
Sunny Jean,sjeanca@independent.co.uk,Male,"USA Technologies, Inc."
Tomaso Shimmans,tshimmanscb@cornell.edu,Male,Washington Real Estate Investment Trust
Juieta Hazelby,jhazelbycc@yale.edu,Female,Vedanta  Limited
Reube Baggallay,rbaggallaycd@sciencedaily.com,Male,"Global Self Storage, Inc."
Wilbert Studdert,wstuddertce@newsvine.com,Male,Aircastle Limited
Eb Burgher,eburghercf@ucla.edu,Male,"Biocept, Inc."
Shoshana Paolone,spaolonecg@deviantart.com,Female,Modern Media Acquisition Corp.
Tull Catchpole,tcatchpolech@ow.ly,Male,The AES Corporation
Ansell Norres,anorresci@sphinn.com,Male,Hailiang Education Group Inc.
Sax Curwen,scurwencj@themeforest.net,Male,"American Software, Inc."
Virgie Battson,vbattsonck@rakuten.co.jp,Male,NASDAQ TEST STOCK
Courtney Lucius,cluciuscl@free.fr,Male,Petroquest Energy Inc
Roddy Mapis,rmapiscm@kickstarter.com,Male,Enersys
Eldon Saggers,esaggerscn@bloglines.com,Polygender,Veritiv Corporation
Shane Broadway,sbroadwayco@businesswire.com,Agender,Boeing Company (The)
Carolina Siret,csiretcp@va.gov,Female,"Ashford Hospitality Prime, Inc."
Amara Chimenti,achimenticq@si.edu,Bigender,Senior Housing Properties Trust
Mayor Lattin,mlattincr@freewebs.com,Male,"PhotoMedex, Inc."
Falito Yandell,fyandellcs@omniture.com,Male,First Trust Intermediate Duration Preferred & Income Fund
Colan Thaxton,cthaxtonct@163.com,Male,"Interactive Brokers Group, Inc."
Horacio Colicot,hcolicotcu@networksolutions.com,Bigender,"ONE Gas, Inc."
Tom Raymont,traymontcv@sohu.com,Male,"Crown Holdings, Inc."
Celestyn Imbrey,cimbreycw@zdnet.com,Female,"Digital Realty Trust, Inc."
Mart MacCallum,mmaccallumcx@deliciousdays.com,Male,SAP SE
Jsandye Willett,jwillettcy@mapquest.com,Female,American Homes 4 Rent
Bria Piggot,bpiggotcz@jiathis.com,Female,Adecoagro S.A.
Jamill Rocks,jrocksd0@bbc.co.uk,Male,Wins Finance Holdings Inc.
Gabrielle Baroche,gbaroched1@bloglines.com,Female,Tata Motors Ltd
Erminia Sweetmore,esweetmored2@storify.com,Female,IRIDEX Corporation
Gerda Marini,gmarinid3@prlog.org,Female,"MaxPoint Interactive, Inc."
Sheeree Bowne,sbowned4@phoca.cz,Female,BiondVax Pharmaceuticals Ltd.
Lorenza Barras,lbarrasd5@xing.com,Female,Farmland Partners Inc.
Myrilla O'Donnelly,modonnellyd6@alibaba.com,Female,Bank of America Corporation
Sibylla Elphey,selpheyd7@google.com,Female,Fresenius Medical Care Corporation
Amaleta Pyvis,apyvisd8@arstechnica.com,Female,OUTFRONT Media Inc.
Felix Philpot,fphilpotd9@techcrunch.com,Male,"Teligent, Inc."
Elfreda Heintsch,eheintschda@spiegel.de,Female,"Covenant Transportation Group, Inc."
Meyer Gregoraci,mgregoracidb@tumblr.com,Male,"Bankrate, Inc."
Gaby Dran,gdrandc@livejournal.com,Female,Concordia International Corp.
Colas Bontoft,cbontoftdd@phoca.cz,Male,"Atlantic Capital Bancshares, Inc."
Skippie Warsop,swarsopde@arizona.edu,Male,Bellatrix Exploration Ltd
Kial Lammert,klammertdf@webmd.com,Female,Concord Medical Services Holdings Limited
Roda Heinecke,rheineckedg@chron.com,Female,Hallador Energy Company
Nev Tedahl,ntedahldh@cbc.ca,Male,The Long-Term Care ETF
Noby Spieck,nspieckdi@about.com,Male,Nuveen Pennsylvania Quality Municipal Income Fund
Enoch MacCheyne,emaccheynedj@blinklist.com,Male,"Simulations Plus, Inc."
Cassi Hevey,cheveydk@howstuffworks.com,Female,"ChemoCentryx, Inc."
Aluin Wehden,awehdendl@lycos.com,Male,Pingtan Marine Enterprise Ltd.
Sid Scrine,sscrinedm@samsung.com,Male,"FRP Holdings, Inc."
Mei Craske,mcraskedn@usgs.gov,Female,"Digital Realty Trust, Inc."
Paxon Mully,pmullydo@usa.gov,Male,Xinyuan Real Estate Co Ltd
Bear Steffan,bsteffandp@domainmarket.com,Male,CVR Energy Inc.
Alberik Beldom,abeldomdq@unicef.org,Male,"Brooks Automation, Inc."
Janeta Sheppard,jshepparddr@economist.com,Female,Container Store (The)
Daniele Jacson,djacsonds@forbes.com,Female,Stellus Capital Investment Corporation
Ned Ribey,nribeydt@unblog.fr,Male,"Axon Enterprise, Inc."
Constantino Dyers,cdyersdu@eepurl.com,Male,CrossAmerica Partners LP
Bab MacParland,bmacparlanddv@tiny.cc,Female,"Highwoods Properties, Inc."
Ethe Eich,eeichdw@jalbum.net,Male,"Sprott Focus Trust, Inc."
Hill Tunstall,htunstalldx@nyu.edu,Male,NVE Corporation
Dorene Cheeld,dcheelddy@live.com,Genderfluid,"Templeton Global Income Fund, Inc."
Loralyn Gorler,lgorlerdz@oracle.com,Female,"Ventas Realty, Limited Partnership // Ventas Capital Corporati"
Basilio Clowes,bclowese0@devhub.com,Male,"TG Therapeutics, Inc."
Damien Pfeffle,dpfefflee1@nydailynews.com,Male,"Woodward, Inc."
Vasilis Wavell,vwavelle2@blog.com,Male,Ares Capital Corporation
Merralee Cressor,mcressore3@flavors.me,Female,Royal Bank Scotland plc (The)
Randee Pottinger,rpottingere4@bloomberg.com,Female,Sotherly Hotels Inc.
Thayne Dorre,tdorree5@jalbum.net,Male,"Superior Industries International, Inc."
Towny Cuesta,tcuestae6@berkeley.edu,Male,"Stanley Furniture Company, Inc."
Hewitt Albasini,halbasinie7@chronoengine.com,Male,"Duff & Phelps Utilities Tax-Free Income, Inc."
Thorn Vaughan,tvaughane8@cmu.edu,Male,"Richmont Mines, Inc."
Marney Marcam,mmarcame9@umn.edu,Female,Carolina Financial Corporation
Hynda Lowell,hlowellea@adobe.com,Female,"Pain Therapeutics, Inc."
Niven Skade,nskadeeb@slate.com,Male,"A10 Networks, Inc."
Shir Jochen,sjochenec@google.ru,Female,Fortive Corporation
Hamnet Lancetter,hlancettered@guardian.co.uk,Male,Pangaea Logistics Solutions Ltd.
Jacintha Lippitt,jlippittee@plala.or.jp,Female,Las Vegas Sands Corp.
Emalee Saer,esaeref@webeden.co.uk,Female,Athene Holding Ltd.
Hogan Brackley,hbrackleyeg@people.com.cn,Male,Conatus Pharmaceuticals Inc.
Gilberta Eschalotte,geschalotteeh@irs.gov,Female,Function(x) Inc.
Darcy Spry,dspryei@mayoclinic.com,Polygender,"Marchex, Inc."
Padriac Kmieciak,pkmieciakej@vimeo.com,Male,InfoSonics Corp
Mona Shields,mshieldsek@toplist.cz,Female,Seagate Technology PLC
Aylmer Hollingby,ahollingbyel@tmall.com,Male,Cloud Peak Energy Inc
Steward Bissill,sbissillem@t-online.de,Male,"Maiden Holdings, Ltd."
Bernita Mattussevich,bmattussevichen@surveymonkey.com,Female,W.R. Grace & Co.
Ginelle Mellodey,gmellodeyeo@edublogs.org,Female,Cosan Limited
Tamara Hamley,thamleyep@netlog.com,Female,Summit Therapeutics plc
Conny Beet,cbeeteq@shareasale.com,Female,Blackstone / GSO Strategic Credit Fund
Siobhan Gilmartin,sgilmartiner@xing.com,Female,"Rudolph Technologies, Inc."
Ernest Drinkhall,edrinkhalles@wikipedia.org,Male,Astronics Corporation
Elwood Hamper,ehamperet@narod.ru,Male,Qualstar Corporation
Trevor Boutellier,tboutelliereu@mac.com,Male,Northwest Natural Gas Company
Haley Agar,hagarev@usa.gov,Male,"Safe Bulkers, Inc"
Shantee Darrel,sdarrelew@topsy.com,Female,Tenaris S.A.
George Copner,gcopnerex@gnu.org,Female,General Finance Corporation
Brice Vlahos,bvlahosey@chronoengine.com,Male,TEGNA Inc.
Seth Garrould,sgarrouldez@google.com.hk,Male,Guaranty Bancorp
Garreth Kiddy,gkiddyf0@indiegogo.com,Genderfluid,"Pain Therapeutics, Inc."
Phillie Crisell,pcrisellf1@yandex.ru,Female,"Luby's, Inc."
Aguie Orr,aorrf2@symantec.com,Agender,The Cushing MLP Total Return Fund
Raynor Lugton,rlugtonf3@ifeng.com,Male,Triangle Capital Corporation
Winnah Lebrun,wlebrunf4@jalbum.net,Female,"Ollie's Bargain Outlet Holdings, Inc."
Hugues Stockport,hstockportf5@ning.com,Male,Blackrock Municipal 2020 Term Trust
Kissee Heis,kheisf6@japanpost.jp,Female,"Inovalon Holdings, Inc."
Dare Coonihan,dcoonihanf7@ameblo.jp,Male,"MercadoLibre, Inc."
Essie Trinder,etrinderf8@ow.ly,Female,"Republic First Bancorp, Inc."
Sharona Goulston,sgoulstonf9@odnoklassniki.ru,Female,Pioneer Municipal High Income Trust
Sayer Antonomolii,santonomoliifa@amazonaws.com,Male,"Sunesis Pharmaceuticals, Inc."
Veronike Simmank,vsimmankfb@marriott.com,Female,"Selective Insurance Group, Inc."
Trey Riediger,triedigerfc@dailymail.co.uk,Male,Oasmia Pharmaceutical AB
Liuka Varty,lvartyfd@tripod.com,Female,ePlus inc.
Amalea Ertel,aertelfe@liveinternet.ru,Female,Vident Core U.S. Bond Strategy Fund
Sancho Paton,spatonff@goo.gl,Male,Extra Space Storage Inc
Spense MacKilroe,smackilroefg@xing.com,Male,Park Electrochemical Corporation
Lacee Champness,lchampnessfh@mozilla.org,Female,Inotek Pharmaceuticals Corporation
Kylie Inggall,kinggallfi@bbb.org,Female,"Patriot Transportation Holding, Inc."
Yolane Tuffield,ytuffieldfj@unicef.org,Female,"Lands' End, Inc."
Danie Garie,dgariefk@51.la,Male,"Image Sensing Systems, Inc."
Carlotta O'Shirine,coshirinefl@sitemeter.com,Female,Exterran Corporation
Pennie Woolsey,pwoolseyfm@infoseek.co.jp,Female,Wells Fargo & Company
Abagael Imlaw,aimlawfn@squidoo.com,Non-binary,PowerShares DWA Utilities Momentum Portfolio
Edythe Snoden,esnodenfo@joomla.org,Genderfluid,Therapix Biosciences Ltd.
Kirsti Reichhardt,kreichhardtfp@yolasite.com,Female,"Knight Transportation, Inc."
Caritta Elcott,celcottfq@cbc.ca,Female,"Compass Minerals International, Inc."
Cassey Calcut,ccalcutfr@skype.com,Female,Wells Fargo & Company
Raymond Rumin,rruminfs@ihg.com,Male,Wells Fargo & Company
Rosemarie Thoms,rthomsft@seattletimes.com,Female,Entergy Corporation
Esra Mence,emencefu@prnewswire.com,Male,"Templeton Global Income Fund, Inc."
Nanette Sisneros,nsisnerosfv@paginegialle.it,Female,"Summit Hotel Properties, Inc."
Dalton Benard,dbenardfw@elpais.com,Male,Global Partners LP
Joleen Bamlett,jbamlettfx@is.gd,Female,"Ruth's Hospitality Group, Inc."
Fionna Edgcumbe,fedgcumbefy@topsy.com,Agender,Globant S.A.
Merralee Dickman,mdickmanfz@aol.com,Female,Dynegy Inc.
Garrett Grealish,ggrealishg0@intel.com,Male,Pimco Income Opportunity Fund
Jarvis Maffia,jmaffiag1@blogtalkradio.com,Male,"Allscripts Healthcare Solutions, Inc."
Marris Sawdy,msawdyg2@zdnet.com,Female,"NeuroMetrix, Inc."
Hobart Deakins,hdeakinsg3@so-net.ne.jp,Genderfluid,Vanguard Russell 1000 Value ETF
Kathi Josef,kjosefg4@bbc.co.uk,Female,First Busey Corporation
Chlo Siss,csissg5@pbs.org,Female,Global X SuperDividend Alternatives ETF
Loretta Denisyuk,ldenisyukg6@google.com,Female,Shenandoah Telecommunications Co
Cammy Biermatowicz,cbiermatowiczg7@nymag.com,Female,"Medical Transcription Billing, Corp."
Darnall Baggallay,dbaggallayg8@wufoo.com,Male,"Lee Enterprises, Incorporated"
Quentin Betun,qbetung9@foxnews.com,Female,"Texas Capital Bancshares, Inc."
Lind Cradock,lcradockga@japanpost.jp,Female,PAVmed Inc.
Franciska Whitnell,fwhitnellgb@jugem.jp,Female,Jensyn Acquistion Corp.
Wally Engledow,wengledowgc@vinaora.com,Male,PowerShares High Yield Equity Dividend Achievers Portfolio
Zachariah Rowson,zrowsongd@earthlink.net,Male,Columbia Sportswear Company
Sile Wheelwright,swheelwrightge@youtube.com,Female,Apollo Investment Corporation
Klemens Simionato,ksimionatogf@merriam-webster.com,Male,"Kura Oncology, Inc."
Tabitha Torritti,ttorrittigg@barnesandnoble.com,Female,Bank Of New York Mellon Corporation (The)
Raymond Thunderchief,rthunderchiefgh@tinypic.com,Male,American States Water Company
Dino Gillott,dgillottgi@php.net,Male,United Community Bancorp
Isobel Ariss,iarissgj@skype.com,Female,"A V Homes, Inc."
Darline Beales,dbealesgk@army.mil,Genderqueer,"Trupanion, Inc."
Penrod Benoist,pbenoistgl@spiegel.de,Male,Quarterhill Inc.
Brit Orgen,borgengm@infoseek.co.jp,Female,Digimarc Corporation
Chaddie Arrow,carrowgn@unblog.fr,Male,Fibrocell Science Inc
Renelle Ames,ramesgo@state.tx.us,Female,"Oncobiologics, Inc."
Ario Merdew,amerdewgp@g.co,Male,SecureWorks Corp.
Elmo Taree,etareegq@omniture.com,Male,Suncor Energy  Inc.
Marilee MacQuaker,mmacquakergr@jalbum.net,Female,Apollo Commercial Real Estate Finance
Darwin Fludder,dfluddergs@ebay.co.uk,Male,Sensient Technologies Corporation
Warden Kivelhan,wkivelhangt@canalblog.com,Male,Sequans Communications S.A.
Town Mc Meekan,tmcgu@scribd.com,Male,The Health and Fitness ETF
Willy Felgate,wfelgategv@chicagotribune.com,Genderfluid,Validea Market Legends ETF
Babb Catterick,bcatterickgw@google.ca,Female,Hingham Institution for Savings
Augustine McKinney,amckinneygx@unblog.fr,Male,Sohu.com Inc.
Estrellita Conneely,econneelygy@pbs.org,Female,"Cellectar Biosciences, Inc."
Maurene Digweed,mdigweedgz@shop-pro.jp,Female,Principal Shareholder Yield Index ETF
Hieronymus Siveter,hsiveterh0@reference.com,Male,"American Financial Group, Inc."
Drusy Sarrell,dsarrellh1@jiathis.com,Female,"Spartan Motors, Inc."
Dwayne Flasby,dflasbyh2@vkontakte.ru,Male,Colonial Municipal Income Trust
Salvidor Beaford,sbeafordh3@jugem.jp,Male,Cellect Biotechnology Ltd.
Nils Syalvester,nsyalvesterh4@mediafire.com,Male,Genworth Financial Inc
Barclay Perell,bperellh5@bluehost.com,Male,Guangshen Railway Company Limited
Lida Barfitt,lbarfitth6@flavors.me,Female,H. B. Fuller Company
Inglebert Hans,ihansh7@icq.com,Male,Macquarie/First Trust Global
Charis Voysey,cvoyseyh8@icio.us,Female,"Guess?, Inc."
Yank Horlick,yhorlickh9@hud.gov,Male,"OneMain Holdings, Inc."
Darn Bindon,dbindonha@omniture.com,Male,California Water  Service Group Holding
Jilleen Terrelly,jterrellyhb@intel.com,Female,"Acadia Healthcare Company, Inc."
Henrietta Casetti,hcasettihc@ca.gov,Female,"Cohu, Inc."
Robby Cullrford,rcullrfordhd@ibm.com,Male,Cone Midstream Partners LP
Gil Surridge,gsurridgehe@netscape.com,Male,SpartanNash Company
Ileane Swait,iswaithf@prnewswire.com,Female,"Franklin Financial Network, Inc."
Zack Wingeatt,zwingeatthg@zimbio.com,Male,"CenturyLink, Inc."
Peggie Dumbreck,pdumbreckhh@nifty.com,Female,Performant Financial Corporation
Daisy Danilishin,ddanilishinhi@jalbum.net,Female,RLI Corp.
Verla Leynagh,vleynaghhj@independent.co.uk,Female,"Dynex Capital, Inc."
Cyril Sawer,csawerhk@rakuten.co.jp,Male,"Harte-Hanks, Inc."
Chester Mival,cmivalhl@wikipedia.org,Male,Capstead Mortgage Corporation
Bentlee Truter,btruterhm@answers.com,Male,Wins Finance Holdings Inc.
Mariana Lightbourne,mlightbournehn@blog.com,Female,"Cohen & Steers Global Income Builder, Inc."
Edgar Demogeot,edemogeotho@washingtonpost.com,Male,BlackRock New York Investment Quality Municipal Trust Inc. (Th
Harrietta Spickett,hspicketthp@tamu.edu,Female,"SITO Mobile, Ltd."
Tove Rasher,trasherhq@nymag.com,Female,Mountain Province Diamonds Inc.
Talbot McGilvray,tmcgilvrayhr@symantec.com,Agender,"Old Second Bancorp, Inc."
Marijo Maryott,mmaryotths@google.es,Female,First Acceptance Corporation
Vanya Wiseman,vwisemanht@cornell.edu,Male,AMREP Corporation
Berne Farleigh,bfarleighhu@pcworld.com,Male,"Burlington Stores, Inc."
Brigida Bachmann,bbachmannhv@surveymonkey.com,Female,Hingham Institution for Savings
Luciana Ionnisian,lionnisianhw@yahoo.co.jp,Female,"Midland States Bancorp, Inc."
Marietta Gloy,mgloyhx@wisc.edu,Male,"LivePerson, Inc."
Kayley MacCarroll,kmaccarrollhy@qq.com,Female,"Magyar Bancorp, Inc."
Town Wincer,twincerhz@fastcompany.com,Male,"NRG Yield, Inc."
Grantley Filipiak,gfilipiaki0@paginegialle.it,Male,Internap Corporation
Dorris Bloom,dbloomi1@webeden.co.uk,Female,Bridgford Foods Corporation
Pavlov Cicccitti,pcicccittii2@home.pl,Male,"Netlist, Inc."
Randal Bariball,rbariballi3@yandex.ru,Male,Enbridge Energy Management LLC
Carson Medlen,cmedleni4@xing.com,Male,"BioScrip, Inc."
Humberto Ettels,hettelsi5@whitehouse.gov,Male,Jagged Peak Energy Inc.
Daryle Aish,daishi6@pbs.org,Agender,"Simulations Plus, Inc."
Patty Drakard,pdrakardi7@cdc.gov,Male,FIRST REPUBLIC BANK
Verena MacCleod,vmaccleodi8@mozilla.org,Female,Jensyn Acquistion Corp.
Tynan Kellock,tkellocki9@dell.com,Male,Mosaic Company (The)
Rog Becom,rbecomia@archive.org,Male,Qwest Corporation
Allis Haruard,aharuardib@e-recht24.de,Female,"American Electric Technologies, Inc."
Ber Dawidowitsch,bdawidowitschic@youtu.be,Male,Harmony Merger Corp.
Kaitlynn Erat,keratid@google.nl,Female,"Source Capital, Inc."
Jean Oxtiby,joxtibyie@flavors.me,Bigender,Noah Holdings Ltd.
Moria McGilvary,mmcgilvaryif@hud.gov,Female,First American Corporation (The)
Cary Gorwood,cgorwoodig@alibaba.com,Male,Parker Drilling Company
Deloris Vannar,dvannarih@mozilla.org,Female,"MS Income Securities, Inc."
Robinetta Baison,rbaisonii@boston.com,Agender,"Heat Biologics, Inc."
Kristel Drewery,kdreweryij@walmart.com,Female,Royal Bank Scotland plc (The)
Hollis Devonside,hdevonsideik@symantec.com,Male,"Genesis Energy, L.P."
Augy Anfrey,aanfreyil@businesswire.com,Male,"Tabula Rasa HealthCare, Inc."
Jeno Mayhou,jmayhouim@ezinearticles.com,Genderqueer,The Gabelli Healthcare & Wellness Trust
Romy McSporon,rmcsporonin@barnesandnoble.com,Female,iShares MSCI New Zealand Capped ETF
Herminia Formby,hformbyio@myspace.com,Female,"Hostess Brands, Inc."
Gabby Fer,gferip@squarespace.com,Male,"Impax Laboratories, Inc."
Giorgia Donaghy,gdonaghyiq@storify.com,Female,"Banc of California, Inc."
Orly Gottelier,ogottelierir@comsenz.com,Female,Affimed N.V.
Valencia Durbridge,vdurbridgeis@reuters.com,Female,"Compania Cervecerias Unidas, S.A."
Darcee Swaddle,dswaddleit@weebly.com,Female,"Children's Place, Inc. (The)"
Sena Petruszka,spetruszkaiu@twitter.com,Female,Brookfield Business Partners L.P.
Waverly Wardingly,wwardinglyiv@stanford.edu,Male,"Ocera Therapeutics, Inc."
Iain Onn,ionniw@360.cn,Male,"Vital Therapies, Inc."
Lynn Rickaert,lrickaertix@tripod.com,Female,First Potomac Realty Trust
Kimberli McCard,kmccardiy@theatlantic.com,Female,"Community First Bancshares, Inc."
Sydney Ditchett,sditchettiz@symantec.com,Male,"I.D. Systems, Inc."
Pasquale Meader,pmeaderj0@oracle.com,Male,vTv Therapeutics Inc.
Dino Nolte,dnoltej1@independent.co.uk,Male,"Taubman Centers, Inc."
Tully Gini,tginij2@nationalgeographic.com,Male,"Spirit Aerosystems Holdings, Inc."
Percy Stibbs,pstibbsj3@vk.com,Male,Urstadt Biddle Properties Inc.
Melvyn Booi,mbooij4@e-recht24.de,Male,"Texas Capital Bancshares, Inc."
Ravid Mullin,rmullinj5@loc.gov,Male,Horace Mann Educators Corporation
Becca Borman,bbormanj6@slashdot.org,Female,"F5 Networks, Inc."
Tobi Johnsee,tjohnseej7@sciencedirect.com,Female,YPF Sociedad Anonima
Kassandra Meese,kmeesej8@cam.ac.uk,Female,U.S. Energy Corp.
Ase Kielt,akieltj9@ihg.com,Agender,KKR & Co. L.P.
Cathlene Nyland,cnylandja@sourceforge.net,Bigender,PowerShares KBW Property & Casualty Insurance Portfolio
Tuckie Maddison,tmaddisonjb@stanford.edu,Bigender,"Patriot National, Inc."
Granthem Demetr,gdemetrjc@aboutads.info,Male,"Legg Mason, Inc."
Beaufort Louys,blouysjd@bravesites.com,Male,"PNC Financial Services Group, Inc. (The)"
Cristine McKew,cmckewje@addtoany.com,Female,Akers Biosciences Inc
Janelle Shewring,jshewringjf@yelp.com,Female,First Trust Switzerland AlphaDEX Fund
Etheline Dickins,edickinsjg@sakura.ne.jp,Female,BB&T Corporation
Margit Abbatucci,mabbatuccijh@forbes.com,Female,Comerica Incorporated
Shayne Grassi,sgrassiji@sphinn.com,Male,"Summit Hotel Properties, Inc."
Stephanus Gligorijevic,sgligorijevicjj@delicious.com,Male,"Hawaiian Telcom Holdco, Inc."
Tallia Heale,thealejk@dyndns.org,Female,"Elevate Credit, Inc."
Irvin Carnaman,icarnamanjl@indiatimes.com,Male,Ladder Capital Corp
Ambrosio Dewing,adewingjm@elegantthemes.com,Male,iStar Financial Inc.
Moss Nardi,mnardijn@sciencedaily.com,Male,Atkore International Group Inc.
Lalo de Keep,ldejo@harvard.edu,Male,"CIRCOR International, Inc."
Michal Hofer,mhoferjp@intel.com,Male,"CYS Investments, Inc."
Maximilian Greally,mgreallyjq@digg.com,Genderqueer,Heritage Commerce Corp
Vincenz Fley,vfleyjr@upenn.edu,Male,"Niagara Mohawk Holdings, Inc."
Fancie Heitz,fheitzjs@chicagotribune.com,Female,Bank of America Corporation
Lira Coggeshall,lcoggeshalljt@google.es,Female,"Varian Medical Systems, Inc."
Gregorius Dabourne,gdabourneju@elpais.com,Genderfluid,"Liquidity Services, Inc."
Kirbee Danis,kdanisjv@mail.ru,Female,Semgroup Corporation
Ansell Briance,abriancejw@com.com,Male,MS Structured Asset Corp Saturns GE Cap Corp Series 2002-14
Meggie Blague,mblaguejx@goodreads.com,Female,Capital Product Partners L.P.
Stern Bohden,sbohdenjy@hostgator.com,Male,Danaher Corporation
Isabella Ferreo,iferreojz@last.fm,Female,PowerShares DWA SmallCap Momentum Portfolio
Bev Raubenheim,braubenheimk0@infoseek.co.jp,Female,Cellect Biotechnology Ltd.
Kean Darragon,kdarragonk1@elpais.com,Male,"Pearson, Plc"
Koo McAnulty,kmcanultyk2@usgs.gov,Female,Eltek Ltd.
Claudelle Penson,cpensonk3@walmart.com,Female,"Sajan, Inc."
Gibbie Le Blond,glek4@va.gov,Male,Gaming Partners International Corporation
Chantal Bicker,cbickerk5@123-reg.co.uk,Female,Sun Life Financial Inc.
Kinny Moy,kmoyk6@google.de,Male,"Heartland Financial USA, Inc."
Kristos Best,kbestk7@businesswire.com,Genderqueer,Blackrock New York Municipal 2018 Term Trust
Deloris Cuchey,dcucheyk8@time.com,Female,Stamps.com Inc.
Helen-elizabeth Lanney,hlanneyk9@dyndns.org,Female,"Rightside Group, Ltd."
Bartholemy MacIlhargy,bmacilhargyka@imageshack.us,Male,Jabil Inc.
Valentina Bampkin,vbampkinkb@accuweather.com,Female,Public Storage
Giulietta Grimmolby,ggrimmolbykc@columbia.edu,Female,PowerShares S&P SmallCap Industrials Portfolio
Donnajean Rickson,dricksonkd@tinypic.com,Female,"Team, Inc."
Lynnelle Matis,lmatiske@vkontakte.ru,Female,IAC/InterActiveCorp
Correy Verni,cvernikf@ehow.com,Male,"MVC Capital, Inc."
Mayer Laviss,mlavisskg@nymag.com,Male,Highpower International Inc
Timmy Gobat,tgobatkh@reference.com,Male,Vedanta  Limited
Laughton Garwill,lgarwillki@spotify.com,Male,Anworth Mortgage Asset  Corporation
Sybilla Mazzey,smazzeykj@quantcast.com,Female,Active Alts Contrarian ETF
Erny McGilben,emcgilbenkk@sfgate.com,Male,Eaton Vance Tax-Advantaged Global Dividend Income Fund
Coral McGoogan,cmcgoogankl@bloomberg.com,Female,Alliance National Municipal Income Fund Inc
Sigvard Bardnam,sbardnamkm@weibo.com,Male,The9 Limited
Gertrud Hogsden,ghogsdenkn@de.vu,Female,Pershing Gold Corporation
Martha Hitzschke,mhitzschkeko@msu.edu,Genderfluid,Digirad Corporation
Waldo Hurrion,whurrionkp@toplist.cz,Male,"CUI Global, Inc."
Morty Troak,mtroakkq@intel.com,Male,"Eldorado Resorts, Inc."
Cad Etridge,cetridgekr@eventbrite.com,Male,"Nike, Inc."
Jacquelin Pottery,jpotteryks@stanford.edu,Female,Encore Capital Group Inc
Kleon McRamsey,kmcramseykt@techcrunch.com,Male,"J.C. Penney Company, Inc. Holding Company"
Giovanna Valasek,gvalasekku@ftc.gov,Female,"Ashford Hospitality Prime, Inc."
Rogers Boagey,rboageykv@skyrock.com,Male,"Cleantech Solutions International, Inc."
Beau Klehn,bklehnkw@ca.gov,Male,"Provident Financial Services, Inc"
Alidia Hacquard,ahacquardkx@istockphoto.com,Female,Sapiens International Corporation N.V.
Drud Oxtoby,doxtobyky@google.nl,Male,Colony Starwood Homes
Neil Januszewski,njanuszewskikz@flavors.me,Male,"South Jersey Industries, Inc."
Baxie Cossor,bcossorl0@simplemachines.org,Male,Enterprise Bancorp Inc
Arleta Hanvey,ahanveyl1@weibo.com,Female,"Liberty Expedia Holdings, Inc."
Emelen Presman,epresmanl2@zimbio.com,Male,Enel Americas S.A.
Roxanna Trippett,rtrippettl3@friendfeed.com,Female,"NantHealth, Inc."
Katlin Bargh,kbarghl4@msu.edu,Non-binary,DHX Media Ltd.
Hermione Matuszak,hmatuszakl5@qq.com,Female,TransAct Technologies Incorporated
Gaby Schwant,gschwantl6@tamu.edu,Male,"Virtus Investment Partners, Inc."
Jason MacGown,jmacgownl7@yellowpages.com,Male,"Avon Products, Inc."
Astra Ivic,aivicl8@ocn.ne.jp,Female,Vodafone Group Plc
Jan Hutcheon,jhutcheonl9@mysql.com,Female,Essent Group Ltd.
Salem Cowitz,scowitzla@csmonitor.com,Male,"Superior Energy Services, Inc."
Haywood Dodworth,hdodworthlb@sfgate.com,Male,"Luby's, Inc."
Randall McKeag,rmckeaglc@walmart.com,Male,A.H. Belo Corporation
Estell Bellanger,ebellangerld@google.fr,Female,Consolidated Edison Inc
Izzy Jantel,ijantelle@sfgate.com,Male,TopBuild Corp.
Lois Shouler,lshoulerlf@yandex.ru,Female,Akari Therapeutics Plc
Greta Srutton,gsruttonlg@amazon.com,Female,DSW Inc.
Wallace Binyon,wbinyonlh@bluehost.com,Male,Monmouth Real Estate Investment Corporation
Dorie Althrope,dalthropeli@flavors.me,Female,Exa Corporation
Merissa Tees,mteeslj@etsy.com,Female,"TerraForm Global, Inc."
Mame Busk,mbusklk@icq.com,Female,Minerals Technologies Inc.
Peyter Jacqueminet,pjacqueminetll@apple.com,Genderfluid,"HMN Financial, Inc."
Sloan Twaite,stwaitelm@telegraph.co.uk,Male,Bank of South Carolina Corp.
Mel Leddie,mleddieln@google.de,Female,Nortech Systems Incorporated
Janina Scourfield,jscourfieldlo@typepad.com,Female,"Stanley Black & Decker, Inc."
Gradey Lorkings,glorkingslp@fastcompany.com,Male,United Therapeutics Corporation
Leonerd Bownde,lbowndelq@pcworld.com,Male,Duff & Phelps Global Utility Income Fund Inc.
Walker Bril,wbrillr@nyu.edu,Male,Nuveen Select Tax Free Income Portfolio
Fayth Moland,fmolandls@ca.gov,Genderfluid,"Achaogen, Inc."
Zilvia Van Halen,zvanlt@jiathis.com,Female,Oxford Lane Capital Corp.
Royal Bithany,rbithanylu@aol.com,Male,iStar Financial Inc.
Kleon Pfertner,kpfertnerlv@senate.gov,Male,"Synchronoss Technologies, Inc."
Antoine Cowope,acowopelw@wix.com,Non-binary,Axis Capital Holdings Limited
Dagmar Wallsworth,dwallsworthlx@soundcloud.com,Female,"Synopsys, Inc."
Kristel Spinella,kspinellaly@flickr.com,Genderfluid,Arthur J. Gallagher & Co.
Pincus Spillman,pspillmanlz@fastcompany.com,Male,Triple-S Management Corporation
Carole Revelle,crevellem0@miibeian.gov.cn,Female,"Eaton Corporation, PLC"
Randy Challinor,rchallinorm1@bloglines.com,Female,Hoegh LNG Partners LP
Ogdan Hanbridge,ohanbridgem2@unesco.org,Male,"Ambarella, Inc."
Herman Moreinis,hmoreinism3@google.co.jp,Male,Fang Holdings Limited
Radcliffe Iczokvitz,riczokvitzm4@adobe.com,Polygender,PIMCO Dynamic Credit and Mortgage Income Fund
Aurie Sargant,asargantm5@digg.com,Female,NF Energy Saving Corporation
Lucille Royan,lroyanm6@hibu.com,Bigender,Leucadia National Corporation
Kayle Khosa,kkhosam7@github.com,Female,Exelon Corporation
Jareb Kleingrub,jkleingrubm8@barnesandnoble.com,Male,"Customers Bancorp, Inc"
Francene Trubshawe,ftrubshawem9@is.gd,Female,Exterran Corporation
Rosie Youson,ryousonma@topsy.com,Female,Eaton Vance Senior Income Trust
Kalli Comfort,kcomfortmb@ezinearticles.com,Female,"Windstream Holdings, Inc."
Gare Dmitriev,gdmitrievmc@hp.com,Polygender,"MSC Industrial Direct Company, Inc."
Sandi Gale,sgalemd@desdev.cn,Female,"First Business Financial Services, Inc."
Zachery MacBain,zmacbainme@friendfeed.com,Male,First Trust Specialty Finance and Financial Opportunities Fund
Noami Le Grys,nlemf@ezinearticles.com,Female,"Boise Cascade, L.L.C."
Sile Elwill,selwillmg@linkedin.com,Female,"Popular, Inc."
Laurena Gurner,lgurnermh@taobao.com,Female,CalAmp Corp.
Celia Pinnington,cpinningtonmi@flickr.com,Female,"HubSpot, Inc."
Noel Shoveller,nshovellermj@nsw.gov.au,Male,Citigroup Inc.
Jeralee Rosewell,jrosewellmk@yahoo.co.jp,Female,"ShotSpotter, Inc."
Georg de Savery,gdeml@symantec.com,Male,"Aerohive Networks, Inc."
Moshe Blaxeland,mblaxelandmm@ftc.gov,Male,icad inc.
Francklyn Dimitresco,fdimitrescomn@freewebs.com,Male,Cincinnati Financial Corporation
Skip Blasik,sblasikmo@unicef.org,Male,"Expeditors International of Washington, Inc."
Boycey Champniss,bchampnissmp@bbc.co.uk,Male,"LightPath Technologies, Inc."
Maiga Toffolini,mtoffolinimq@bluehost.com,Female,"PCM, Inc."
Oates Sibthorp,osibthorpmr@so-net.ne.jp,Male,MidSouth Bancorp
Rick Dradey,rdradeyms@mediafire.com,Male,ACNB Corporation
Vicki Monkley,vmonkleymt@cisco.com,Female,"support.com, Inc."
Dicky Gawkroge,dgawkrogemu@lycos.com,Male,Flaherty & Crumrine Preferred Securities Income Fund Inc
Tadd Chillingsworth,tchillingsworthmv@vistaprint.com,Male,Smart
Rana Cotman,rcotmanmw@skyrock.com,Female,Lancaster Colony Corporation
Cullin Pamplin,cpamplinmx@stumbleupon.com,Male,"Cellcom Israel, Ltd."
Palm Seel,pseelmy@wsj.com,Male,DENTSPLY SIRONA Inc.
Emmaline Aylin,eaylinmz@zimbio.com,Female,"Pacific American Income Shares, Inc."
Dorotea Beevers,dbeeversn0@blinklist.com,Female,Eagle Point Credit Company Inc.
Mayer Kilfeather,mkilfeathern1@flavors.me,Male,"Cadence Design Systems, Inc."
Benjy Fawckner,bfawcknern2@dmoz.org,Male,PowerShares Russell 1000 Low Beta Equal Weight Portfolio
Jo Renouf,jrenoufn3@vistaprint.com,Male,Netshoes (Cayman) Limited
Salomone Hardey,shardeyn4@stumbleupon.com,Agender,"Reinsurance Group of America, Incorporated"
Kiri Kitchener,kkitchenern5@theglobeandmail.com,Female,"KBR, Inc."
Madalyn Illing,millingn6@sbwire.com,Female,"Goldman Sachs Group, Inc. (The)"
Clo Yearne,cyearnen7@kickstarter.com,Female,"United Parcel Service, Inc."
Jobye Decourcy,jdecourcyn8@unc.edu,Female,Globant S.A.
Danella Drew,ddrewn9@kickstarter.com,Female,Taro Pharmaceutical Industries Ltd.
Cullan Pepperd,cpepperdna@china.com.cn,Male,Duke Realty Corporation
Laurene Arnal,larnalnb@yandex.ru,Genderqueer,Cenveo Inc
Korney Crommett,kcrommettnc@boston.com,Female,"Validus Holdings, Ltd."
Reilly Radeliffe,rradeliffend@china.com.cn,Male,"NextEra Energy, Inc."
Byran Sofe,bsofene@ebay.co.uk,Male,DTE Energy Company
Marlena Greystoke,mgreystokenf@ed.gov,Agender,Texas Instruments Incorporated
Stanislaw Erat,seratng@godaddy.com,Male,Galectin Therapeutics Inc.
Hernando Belmont,hbelmontnh@shutterfly.com,Male,PowerShares KBW Premium Yield Equity REIT Portfolio
Cody Van Halen,cvanni@theguardian.com,Female,"Siliconware Precision Industries Company, Ltd."
Astrid Takle,ataklenj@cafepress.com,Female,"SunTrust Banks, Inc."
Shadow Agney,sagneynk@rediff.com,Male,Dynegy Inc.
Genna Plumb,gplumbnl@linkedin.com,Female,"T-Mobile US, Inc."
Brian Weigh,bweighnm@pagesperso-orange.fr,Male,"SenesTech, Inc."
Corabella Pattillo,cpattillonn@fotki.com,Agender,Great Plains Energy Inc
Brynna Dollin,bdollinno@elpais.com,Polygender,Santander Consumer USA Holdings Inc.
Sonni Maile,smailenp@geocities.com,Female,Louisiana-Pacific Corporation
Ruth Gilbank,rgilbanknq@slate.com,Female,"Blackrock MuniYield New Jersey Fund, Inc."
Morie Loft,mloftnr@paypal.com,Male,Southern California Edison Company
Vevay Serrell,vserrellns@jugem.jp,Female,Fifth Street Finance Corp.
Omero Stilly,ostillynt@stumbleupon.com,Male,"Evoke Pharma, Inc."
Dyna Eglinton,deglintonnu@g.co,Female,San Juan Basin Royalty Trust
Amory Stapels,astapelsnv@archive.org,Male,Foresight Energy LP
Culver Bolzen,cbolzennw@icq.com,Male,"Blackrock MuniYield Quality Fund, Inc."
Mordy Sherwell,msherwellnx@spiegel.de,Male,Cumulus Media Inc.
Rance Mattson,rmattsonny@ox.ac.uk,Male,"Model N, Inc."
Perri Normand,pnormandnz@webeden.co.uk,Female,"tronc, Inc."
Gustave Garvie,ggarvieo0@dagondesign.com,Male,BSQUARE Corporation
Charlean Dockreay,cdockreayo1@dell.com,Female,Ducommun Incorporated
Maxy Barthorpe,mbarthorpeo2@bloglovin.com,Male,magicJack VocalTec Ltd
Lucie Sweedland,lsweedlando3@pbs.org,Genderfluid,Viavi Solutions Inc.
Ebony Artrick,eartricko4@apple.com,Agender,First Trust Nasdaq Retail ETF
Emilia Haberjam,ehaberjamo5@cbslocal.com,Female,"Hawaiian Electric Industries, Inc."
Estrella Kienl,ekienlo6@toplist.cz,Female,"Olympic Steel, Inc."
Alix Whordley,awhordleyo7@joomla.org,Female,Ally Financial Inc.
Gwyneth Legister,glegistero8@skype.com,Female,"Beacon Roofing Supply, Inc."
Bethena Tallowin,btallowino9@illinois.edu,Female,"Liberty TripAdvisor Holdings, Inc."
Ashley Greenleaf,agreenleafoa@addthis.com,Male,Hess Corporation
Maximilianus Braycotton,mbraycottonob@t-online.de,Male,American Homes 4 Rent
Verena Pryell,vpryelloc@elegantthemes.com,Female,Oasis Petroleum Inc.
Kalinda Maffioletti,kmaffiolettiod@engadget.com,Female,Ligand Pharmaceuticals Incorporated
Devonna Salvador,dsalvadoroe@patch.com,Female,"AmTrust Financial Services, Inc."
Kerwin Brasier,kbrasierof@rambler.ru,Male,Wintrust Financial Corporation
Verney Canada,vcanadaog@state.tx.us,Non-binary,Silicom Ltd
Frasier Sicily,fsicilyoh@unesco.org,Male,"RadNet, Inc."
Marijo Kiraly,mkiralyoi@ihg.com,Female,"Marchex, Inc."
Vinny Clemenceau,vclemenceauoj@twitpic.com,Genderqueer,"BJ's Restaurants, Inc."
Marina Rouchy,mrouchyok@abc.net.au,Female,"Lawson Products, Inc."
Karyl Grimoldby,kgrimoldbyol@princeton.edu,Female,Ames National Corporation
Ryun Whelpdale,rwhelpdaleom@noaa.gov,Genderfluid,LyondellBasell Industries NV
Marthe Overbury,moverburyon@statcounter.com,Female,"Rocky Brands, Inc."
Douglas Pevreal,dpevrealoo@weibo.com,Male,"Westell Technologies, Inc."
Honoria Gurnee,hgurneeop@ow.ly,Polygender,BlackRock Multi-Sector Income Trust
Olivie Varty,ovartyoq@google.ru,Female,Avista Healthcare Public Acquisition Corp.
Lorain Illyes,lillyesor@hao123.com,Female,"THL Credit, Inc."
Claire Atherton,cathertonos@posterous.com,Male,First Trust New Opportunities MLP & Energy Fund
Dreddy Klimczak,dklimczakot@lulu.com,Female,ABB Ltd
Gareth Paullin,gpaullinou@addthis.com,Male,Lehman ABS Corporation
Daniele Filpo,dfilpoov@freewebs.com,Female,"Web.com Group, Inc."
Rory Antoniazzi,rantoniazziow@mozilla.com,Female,"Wheeler Real Estate Investment Trust, Inc."
Lombard Medwell,lmedwellox@360.cn,Male,"Alamo Group, Inc."
Creigh Roote,crooteoy@so-net.ne.jp,Male,"OpGen, Inc."
Dalenna Cutbirth,dcutbirthoz@reference.com,Female,Immune Design Corp.
Glyn Ebbetts,gebbettsp0@about.me,Female,"YuMe, Inc."
Gene Spikings,gspikingsp1@pbs.org,Female,"Madrigal Pharmaceuticals, Inc."
Bradley Firth,bfirthp2@shutterfly.com,Male,Wayne Savings Bancshares Inc.
Whittaker Comford,wcomfordp3@1688.com,Male,"Argo Group International Holdings, Ltd."
Cull Tunmore,ctunmorep4@github.com,Non-binary,"MaxLinear, Inc"
Goddard Flello,gflellop5@aol.com,Male,"Miragen Therapeutics, Inc."
Gaylene Retchford,gretchfordp6@symantec.com,Female,"City Office REIT, Inc."
Federico Pelfer,fpelferp7@bizjournals.com,Male,BB&T Corporation
Lucian Kirtland,lkirtlandp8@dropbox.com,Male,Bank of America Corporation
Patten Bunkle,pbunklep9@nasa.gov,Agender,Alliance Data Systems Corporation
Saul Headley,sheadleypa@soundcloud.com,Bigender,VanEck Vectors Pharmaceutical ETF
Chucho Manvell,cmanvellpb@google.de,Male,"Synthetic Fixed-Income Securities, Inc."
Stacee Spadeck,sspadeckpc@addtoany.com,Male,"Strata Skin Sciences, Inc."
Ivor Walby,iwalbypd@arizona.edu,Male,Concordia International Corp.
Upton Duhig,uduhigpe@indiatimes.com,Male,"Brooks Automation, Inc."
Fairleigh Scholcroft,fscholcroftpf@kickstarter.com,Male,Calamos Convertible and High Income Fund
Monroe Solano,msolanopg@europa.eu,Male,"Sound Financial Bancorp, Inc."
Lancelot Mochar,lmocharph@webnode.com,Male,"Royce Micro-Cap Trust, Inc."
Fanchon Hekkert,fhekkertpi@themeforest.net,Female,Sotheby's
Derek Parslow,dparslowpj@privacy.gov.au,Male,"German American Bancorp, Inc."
Jameson Ivashchenko,jivashchenkopk@rakuten.co.jp,Male,"Anthem, Inc."
Rycca Hullot,rhullotpl@purevolume.com,Female,"Intrawest Resorts Holdings, Inc."
Sol Dalli,sdallipm@tmall.com,Male,"Unity Bancorp, Inc."
Wilden Danelutti,wdaneluttipn@forbes.com,Male,Carnival Corporation
Selinda Gutierrez,sgutierrezpo@ask.com,Female,"Manhattan Associates, Inc."
Ede Backman,ebackmanpp@admin.ch,Agender,WPP plc
Monroe Janiszewski,mjaniszewskipq@yellowpages.com,Male,Nuveen Virginia Quality Municipal Income Fund
Gael Erdes,gerdespr@hud.gov,Female,"PPG Industries, Inc."
Corette Collerd,ccollerdps@hc360.com,Female,"Stratasys, Ltd."
Claribel Gedling,cgedlingpt@mit.edu,Non-binary,Anadarko Petroleum Corporation
Alic Dowber,adowberpu@wikia.com,Polygender,iPath US Treasury Flattener ETN
Angie Brabender,abrabenderpv@constantcontact.com,Female,"Sensus Healthcare, Inc."
Dermot Manoelli,dmanoellipw@sfgate.com,Male,"Lexicon Pharmaceuticals, Inc."
Derby Duggen,dduggenpx@nationalgeographic.com,Male,Melco Resorts & Entertainment Limited
Malissia Wherrett,mwherrettpy@nytimes.com,Female,MGM Resorts International
Dwayne Shadbolt,dshadboltpz@so-net.ne.jp,Male,Wells Fargo & Company
Guthrey Bamborough,gbamboroughq0@drupal.org,Male,"Willbros Group, Inc."
Hillel Daymond,hdaymondq1@wix.com,Male,"HarborOne Bancorp, Inc."
Wakefield Dockrell,wdockrellq2@indiegogo.com,Male,FIRST REPUBLIC BANK
Kathrine Merry,kmerryq3@businessweek.com,Female,"Texas Capital Bancshares, Inc."
Ahmed Skilling,askillingq4@i2i.jp,Male,CRISPR Therapeutics AG
Kacie Lyddy,klyddyq5@unicef.org,Female,"Hortonworks, Inc."
Stanly Guisby,sguisbyq6@themeforest.net,Genderfluid,"HubSpot, Inc."
Tootsie Onions,tonionsq7@mediafire.com,Female,"KBR, Inc."
Bradan Casely,bcaselyq8@marketwatch.com,Male,DTE Energy Company
Mohandas Grishinov,mgrishinovq9@google.co.uk,Male,"Endologix, Inc."
Nanete Parken,nparkenqa@google.de,Female,Zoetis Inc.
Trevor Lambarton,tlambartonqb@earthlink.net,Male,Cincinnati Bell Inc
Alida Puncher,apuncherqc@cdc.gov,Female,Eaton Vance Tax-Advantaged Bond
Domenico Muehler,dmuehlerqd@psu.edu,Male,Paylocity Holding Corporation
Alma Amberger,aambergerqe@cbc.ca,Female,F.N.B. Corporation
Sidney Youtead,syouteadqf@ning.com,Male,"Laureate Education, Inc."
Crystie Drogan,cdroganqg@phpbb.com,Female,News Corporation
Nani Huckfield,nhuckfieldqh@ocn.ne.jp,Female,Arotech Corporation
Zachariah Shevell,zshevellqi@soup.io,Non-binary,"Sonic Automotive, Inc."
Arvy Cordes,acordesqj@opera.com,Polygender,"Red Rock Resorts, Inc."
Marlo Stockle,mstockleqk@cnbc.com,Male,KB Financial Group Inc
Rory Rawdall,rrawdallql@icq.com,Female,Bioblast Pharma Ltd.
Richy Outerbridge,routerbridgeqm@redcross.org,Male,JM Global Holding Company
Chester Pervoe,cpervoeqn@freewebs.com,Male,"Tower International, Inc."
Filberto O' Cloney,foqo@nytimes.com,Male,"Westell Technologies, Inc."
Jerome Cords,jcordsqp@npr.org,Male,Schlumberger N.V.
Jennica Silvers,jsilversqq@nba.com,Female,Global X Yieldco Index ETF
Silvester Godlonton,sgodlontonqr@webs.com,Male,Novanta Inc.
Mariette Prati,mpratiqs@state.gov,Female,DTE Energy Company
Gavan Pocknoll,gpocknollqt@java.com,Male,"Tivity Health, Inc."
Paula Briand,pbriandqu@cdc.gov,Female,State Bank Financial Corporation.
Emory Cable,ecableqv@independent.co.uk,Male,"NxStage Medical, Inc."
Roze Courcey,rcourceyqw@wordpress.com,Female,"L Brands, Inc."
Carey Mathiot,cmathiotqx@behance.net,Female,Xinyuan Real Estate Co Ltd
Wilhelmina Beckford,wbeckfordqy@netvibes.com,Agender,NBT Bancorp Inc.
Lefty Ebben,lebbenqz@npr.org,Male,Target Corporation
Odey Donavan,odonavanr0@imgur.com,Male,Riverview Bancorp Inc
Brandice Predohl,bpredohlr1@answers.com,Female,Guangshen Railway Company Limited
Delmore Mikalski,dmikalskir2@comsenz.com,Male,"Colony NorthStar, Inc."
Pier Deere,pdeerer3@simplemachines.org,Female,Nuveen North Carolina Quality Municipal Income Fd
Mallory Shireff,mshireffr4@mac.com,Male,Air Lease Corporation
Hasty Foulger,hfoulgerr5@illinois.edu,Male,"National Presto Industries, Inc."
Law Stribbling,lstribblingr6@moonfruit.com,Male,"Apollo Endosurgery, Inc."
Felike Eakin,feakinr7@census.gov,Genderfluid,ENDRA Life Sciences Inc.
Letti Bedells,lbedellsr8@seesaa.net,Female,"Otonomy, Inc."
Arda Vlasenko,avlasenkor9@vinaora.com,Female,"PDC Energy, Inc."
Gilberto Kernaghan,gkernaghanra@netvibes.com,Male,"Willbros Group, Inc."
Kelsey Landsberg,klandsbergrb@yandex.ru,Female,"Bassett Furniture Industries, Incorporated"
Kaela Kindley,kkindleyrc@apple.com,Female,Modern Media Acquisition Corp.
Mariquilla Aldren,maldrenrd@usatoday.com,Female,Innodata Inc.
Margi Studders,mstuddersre@amazon.com,Female,Intercontinental Hotels Group
Sofie Bouskill,sbouskillrf@plala.or.jp,Female,ProPetro Holding Corp.
Hiram Olczak,holczakrg@home.pl,Male,CPS Technologies Corp.
Balduin Germain,bgermainrh@1688.com,Male,"TrueCar, Inc."
Spenser Beernaert,sbeernaertri@plala.or.jp,Male,"CapStar Financial Holdings, Inc."
Trefor Abbe,tabberj@indiegogo.com,Male,Wells Fargo & Company
Stanislas Kunc,skuncrk@thetimes.co.uk,Male,Royal Bank Scotland plc (The)
Levey Luetkemeyers,lluetkemeyersrl@tmall.com,Genderfluid,EnPro Industries
Conan Reinhardt,creinhardtrm@sohu.com,Male,J.M. Smucker Company (The)
Harley Schirach,hschirachrn@blogtalkradio.com,Male,Vanguard Russell 3000 ETF
Vincents Murphey,vmurpheyro@stumbleupon.com,Male,Manulife Financial Corp
Sonja Whyke,swhykerp@blinklist.com,Female,"Global Net Lease, Inc."
Kristo Sloat,ksloatrq@phpbb.com,Male,Northern Trust Corporation
Mirella Sheahan,msheahanrr@behance.net,Female,"Kelly Services, Inc."
